-- phpMyAdmin SQL Dump
-- version 3.4.10.1deb1
-- http://www.phpmyadmin.net
--
-- Хост: localhost
-- Время создания: Май 20 2014 г., 08:10
-- Версия сервера: 5.5.37
-- Версия PHP: 5.3.10-1ubuntu3.11

SET SQL_MODE="NO_AUTO_VALUE_ON_ZERO";
SET time_zone = "+00:00";


/*!40101 SET @OLD_CHARACTER_SET_CLIENT=@@CHARACTER_SET_CLIENT */;
/*!40101 SET @OLD_CHARACTER_SET_RESULTS=@@CHARACTER_SET_RESULTS */;
/*!40101 SET @OLD_COLLATION_CONNECTION=@@COLLATION_CONNECTION */;
/*!40101 SET NAMES utf8 */;

--
-- База данных: `roads`
--

-- --------------------------------------------------------

--
-- Структура таблицы `directory`
--

CREATE TABLE IF NOT EXISTS `directory` (
  `dirId` int(10) unsigned NOT NULL AUTO_INCREMENT,
  `dirname` varchar(100) NOT NULL,
  `dirnameshort` varchar(50) NOT NULL,
  `start` int(5) unsigned NOT NULL,
  `end` int(5) unsigned NOT NULL,
  PRIMARY KEY (`dirId`)
) ENGINE=MyISAM  DEFAULT CHARSET=utf8 AUTO_INCREMENT=23 ;

--
-- Дамп данных таблицы `directory`
--

INSERT INTO `directory` (`dirId`, `dirname`, `dirnameshort`, `start`, `end`) VALUES
(1, 'Uchastok_1_(km_264_-_km_338) ', 'Uchastok_1', 264, 338),
(2, 'Uchastok_2_(km_338_-_km_412)', 'Uchastok_2', 338, 412),
(3, 'Uchastok_3_(km_412_-_km_469)', 'Uchastok_3', 412, 469),
(4, 'Uchastok_4_(km_469_-_km_511,_km_518_-_km_530,_km_532_-_km_561)', 'Uchastok_4', 469, 511),
(5, 'Uchastok_4_(km_469_-_km_511,_km_518_-_km_530,_km_532_-_km_561)', 'Uchastok_4', 518, 530),
(6, 'Uchastok_4_(km_469_-_km_511,_km_518_-_km_530,_km_532_-_km_561)', 'Uchastok_4', 532, 561),
(7, 'Uchastok_5_(km_0_-_km_24_Obhod_Ust-Kuta)', 'Uchastok_5', 328, 352),
(8, 'Uchastok_6_(km_15_-_km_149_-_Ust-Kut_-_Verhnemarkovo)', 'Uchastok_6', 15, 149),
(9, 'RSU_km_380_-_km_399', '', 380, 399),
(10, 'RSU_km_511_-_km_518', '', 511, 518),
(11, 'RSU_km_530_-_km_543', '', 530, 543),
(12, 'Baza_Zjaba_-_km_284', '', 284, 284),
(13, 'Baza_Vidim_-_km_350', '', 350, 350),
(14, 'Baza_380_-_km_381', '', 381, 381),
(15, 'Baza-395-ABZ_-_km_390', '', 390, 390),
(16, 'Baza_Hrebtovaja_-_km_444', '', 444, 444),
(17, 'Baza_Jantal_-_km_532', '', 532, 532),
(18, 'Baza_Ust-Kut_-_km_562', '', 562, 562),
(19, 'Verhemarkovo_-_km_134', '', 134, 484),
(20, 'Karer_Bazovyj_____km_531', '', 531, 531),
(21, 'Karer_Vidimskij_km_381', '', 381, 381),
(22, 'Karer_Kajmonovo_km_502', '', 502, 502);

-- --------------------------------------------------------

--
-- Структура таблицы `kilometrs`
--

CREATE TABLE IF NOT EXISTS `kilometrs` (
  `kmid` int(10) unsigned NOT NULL AUTO_INCREMENT,
  `roadid` smallint(3) unsigned NOT NULL,
  `title` varchar(100) NOT NULL,
  `km` int(5) DEFAULT NULL,
  `sort` int(10) unsigned DEFAULT NULL,
  `gpslatitude` float NOT NULL COMMENT 'Широта',
  `gpslongitude` float NOT NULL COMMENT 'Долгота',
  `wgslatitude` char(20) NOT NULL COMMENT 'Широта в формате WGS 84',
  `wgslongitude` char(20) NOT NULL,
  PRIMARY KEY (`kmid`)
) ENGINE=MyISAM  DEFAULT CHARSET=utf8 COMMENT='Столбы' AUTO_INCREMENT=501 ;

--
-- Дамп данных таблицы `kilometrs`
--

INSERT INTO `kilometrs` (`kmid`, `roadid`, `title`, `km`, `sort`, `gpslatitude`, `gpslongitude`, `wgslatitude`, `wgslongitude`) VALUES
(1, 1, 'А-331 км 264 (разрыв на г. Братск)', 264, 264, 56.2953, 101.934, '56°17′43.19″N\n', '101°56′1.16″E\n'),
(2, 1, 'А-331 км 265', 265, NULL, 56.2999, 101.948, '56°17′59.69″N', '101°56′51.16″E'),
(3, 1, 'А-331 км 266', 266, NULL, 56.3044, 101.961, '56°18′15.97″N', '101°57′41.38″E'),
(4, 1, 'А-331 км 267', 267, NULL, 56.3038, 101.977, '56°18′13.59″N', '101°58′37.85″E'),
(5, 1, 'А-331 км 268', 268, NULL, 56.3009, 101.992, '56°18′3.15″N', '101°59′32.63″E'),
(6, 1, 'А-331 км 269', 269, NULL, 56.298, 102.008, '56°17′52.72″N', '102°0′27.91″E'),
(7, 1, 'А-331 км 270', 270, NULL, 56.2953, 102.023, '56°17′43.12″N', '102°1′23.47″E'),
(8, 1, 'А-331 км 271', 271, NULL, 56.298, 102.038, '56°17′52.89″N', '102°2′17.75″E'),
(9, 1, 'А-331 км 272', 272, NULL, 56.3023, 102.052, '56°18′8.16″N', '102°3′8.83″E'),
(10, 1, 'А-331 км 273', 273, NULL, 56.3048, 102.067, '56°18′17.43″N', '102°4′1.75″E'),
(11, 1, 'А-331 км 274', 274, NULL, 56.3012, 102.081, '56°18′4.28″N', '102°4′50.37″E'),
(12, 1, 'А-331 Путепровод ч/р ж/д км 274+145', 274, NULL, 56.3013, 102.083, '56°18′4.69″N', '102°4′58.76″E'),
(13, 1, 'А-331 км 275', 275, NULL, 56.3041, 102.096, '56°18′14.77″N', '102°5′43.99″E'),
(14, 1, 'А-331 Мост ч/р Заба км 275+042', 275, NULL, 56.3044, 102.096, '56°18′15.74″N', '102°5′45.6″E'),
(15, 1, 'А-331 км 276', 276, NULL, 56.3105, 102.107, '56°18′37.92″N', '102°6′24.54″E'),
(16, 1, 'А-331 км 277', 277, NULL, 56.3151, 102.121, '56°18′54.28″N', '102°7′14.6″E'),
(17, 1, 'А-331 км 278', 278, NULL, 56.3213, 102.132, '56°19′16.69″N', '102°7′55.92″E'),
(18, 1, 'А-331 км 279', 279, NULL, 56.3283, 102.142, '56°19′41.99″N', '102°8′32.07″E'),
(19, 1, 'А-331 км 280', 280, NULL, 56.3354, 102.152, '56°20′7.39″N', '102°9′8.11″E'),
(20, 1, 'А-331 Мост ч/р Пихтовый км 280+733', 280, NULL, 56.3405, 102.159, '56°20′25.84″N', '102°9′33.99″E'),
(21, 1, 'А-331 км 281', 281, NULL, 56.3424, 102.162, '56°20′32.8″N', '102°9′44.24″E'),
(22, 1, 'А-331 км 282', 282, NULL, 56.3496, 102.172, '56°20′58.48″N', '102°10′19.94″E'),
(23, 1, 'А-331 км 283', 283, NULL, 56.3566, 102.182, '56°21′23.79″N', '102°10′55.68″E'),
(24, 1, 'А-331 км 284', 284, NULL, 56.3637, 102.192, '56°21′49.22″N', '102°11′32″E'),
(25, 1, 'А-331 км 285', 285, NULL, 56.3698, 102.204, '56°22′11.2″N', '102°12′14.09″E'),
(26, 1, 'А-331 км 286', 286, NULL, 56.3746, 102.217, '56°22′28.66″N', '102°13′2.87″E'),
(27, 1, 'А-331 км 287', 287, NULL, 56.3781, 102.232, '56°22′41.26″N', '102°13′56.57″E'),
(28, 1, 'А-331 км 288', 288, NULL, 56.3807, 102.248, '56°22′50.35″N', '102°14′52.58″E'),
(29, 1, 'А-331 км 289', 289, NULL, 56.3832, 102.263, '56°22′59.55″N', '102°15′48.5″E'),
(30, 1, 'А-331 км 290', 290, NULL, 56.3857, 102.279, '56°23′8.6″N', '102°16′44.37″E'),
(31, 1, 'А-331 км 291', 291, NULL, 56.3883, 102.295, '56°23′17.74″N', '102°17′40.72″E'),
(32, 1, 'А-331 км 292', 292, NULL, 56.3907, 102.31, '56°23′26.64″N', '102°18′35.43″E'),
(33, 1, 'А-331 км 293', 293, NULL, 56.3934, 102.326, '56°23′36.28″N', '102°19′33.29″E'),
(34, 1, 'А-331 км 294', 294, NULL, 56.3952, 102.342, '56°23′42.64″N', '102°20′30.22″E'),
(35, 1, 'А-331 км 295', 295, NULL, 56.3948, 102.358, '56°23′41.43″N', '102°21′28.35″E'),
(36, 1, 'А-331 км 296', 296, NULL, 56.3981, 102.373, '56°23′52.99″N', '102°22′22.63″E'),
(37, 1, 'А-331 км 297', 297, NULL, 56.4037, 102.385, '56°24′13.26″N', '102°23′7.23″E'),
(38, 1, 'А-331 км 298', 298, NULL, 56.4078, 102.4, '56°24′28.14″N', '102°23′58.77″E'),
(39, 1, 'А-331 км 299', 299, NULL, 56.4102, 102.415, '56°24′36.58″N', '102°24′55.23″E'),
(40, 1, 'А-331 км 300', 300, NULL, 56.4125, 102.431, '56°24′44.89″N', '102°25′51.65″E'),
(41, 1, 'А-331 км 301', 301, NULL, 56.4148, 102.447, '56°24′53.19″N', '102°26′48.17″E'),
(42, 1, 'А-331 км 302', 302, NULL, 56.4174, 102.462, '56°25′2.5″N', '102°27′44.14″E'),
(43, 1, 'А-331 км 303', 303, NULL, 56.424, 102.473, '56°25′26.51″N', '102°28′23.2″E'),
(44, 1, 'А-331 км 304', 304, NULL, 56.427, 102.487, '56°25′37.19″N', '102°29′14.9″E'),
(45, 1, 'А-331 км 305', 305, NULL, 56.4226, 102.501, '56°25′21.39″N', '102°30′4.21″E'),
(46, 1, 'А-331 км 306', 306, NULL, 56.4198, 102.516, '56°25′11.3″N', '102°30′59.07″E'),
(47, 1, 'А-331 км 307', 307, NULL, 56.4203, 102.532, '56°25′12.99″N', '102°31′56.69″E'),
(48, 1, 'А-331 км 308', 308, NULL, 56.4221, 102.548, '56°25′19.55″N', '102°32′54.07″E'),
(49, 1, 'А-331 км 309', 309, NULL, 56.4239, 102.564, '56°25′26.09″N', '102°33′50.86″E'),
(50, 1, 'А-331 км 310', 310, NULL, 56.4257, 102.579, '56°25′32.36″N', '102°34′46.13″E'),
(51, 1, 'А-331 км 311', 311, NULL, 56.4275, 102.596, '56°25′38.94″N', '102°35′45.55″E'),
(52, 1, 'А-331 км 312', 312, NULL, 56.4254, 102.611, '56°25′31.41″N', '102°36′39.61″E'),
(53, 1, 'А-331Мост ч/р Кежма-Кежемская км 312+324', 312, NULL, 56.4244, 102.617, '56°25′27.77″N', '102°37′0″E'),
(54, 1, 'А-331 км 313', 313, NULL, 56.4224, 102.627, '56°25′20.74″N', '102°37′37.06″E'),
(55, 1, 'А-331 км 314', 314, NULL, 56.4196, 102.642, '56°25′10.56″N', '102°38′32.65″E'),
(56, 1, 'А-331 км 315', 315, NULL, 56.4168, 102.658, '56°25′0.54″N', '102°39′27.92″E'),
(57, 1, 'А-331 км 316', 316, NULL, 56.4145, 102.673, '56°24′52.2″N', '102°40′24.29″E'),
(58, 1, 'А-331 км 317', 317, NULL, 56.4141, 102.69, '56°24′50.78″N', '102°41′22.43″E'),
(59, 1, 'А-331 км 318', 318, NULL, 56.4142, 102.706, '56°24′51.16″N', '102°42′21″E'),
(60, 1, 'А-331 км 319', 319, NULL, 56.4143, 102.719, '56°24′51.51″N', '102°43′7.91″E'),
(61, 1, 'А-331 км 320', 320, NULL, 56.4144, 102.735, '56°24′51.9″N', '102°44′6.44″E'),
(62, 1, 'А-331 км 321', 321, NULL, 56.4141, 102.754, '56°24′50.6″N', '102°45′15.97″E'),
(63, 1, 'А-331 км 322', 322, NULL, 56.4126, 102.77, '56°24′45.29″N', '102°46′13.46″E'),
(64, 1, 'А-331 км 323', 323, NULL, 56.411, 102.787, '56°24′39.67″N', '102°47′11.53″E'),
(65, 1, 'А-331 км 324', 324, NULL, 56.4102, 102.803, '56°24′36.81″N', '102°48′9.41″E'),
(66, 1, 'А-331 км 325', 325, NULL, 56.4127, 102.818, '56°24′45.86″N', '102°49′5.1″E'),
(67, 1, 'А-331 км 326', 326, NULL, 56.4169, 102.832, '56°25′0.73″N', '102°49′56.81″E'),
(68, 1, 'А-331 км 327', 327, NULL, 56.4202, 102.847, '56°25′12.71″N', '102°50′50.79″E'),
(69, 1, 'А-331 км 328', 328, NULL, 56.4219, 102.863, '56°25′18.74″N', '102°51′47.56″E'),
(70, 1, 'А-331 км 329', 329, NULL, 56.4206, 102.879, '56°25′14.05″N', '102°52′44.26″E'),
(71, 1, 'А-331 км 330', 330, NULL, 56.4166, 102.893, '56°24′59.85″N', '102°53′36.3″E'),
(72, 1, 'А-331 Мост ч/р Кежма-Волоковая км 330+890', 330, NULL, 56.4116, 102.901, '56°24′41.8″N', '102°54′5.32″E'),
(73, 1, 'А-331 км 331', 331, NULL, 56.4099, 102.904, '56°24′35.51″N', '102°54′14.58″E'),
(74, 1, 'А-331 км 332', 332, NULL, 56.4061, 102.918, '56°24′21.9″N', '102°55′6.26″E'),
(75, 1, 'А-331 км 333', 333, NULL, 56.4042, 102.934, '56°24′15.04″N', '102°56′3.17″E'),
(76, 1, 'А-331 км 334', 334, NULL, 56.4013, 102.95, '56°24′4.64″N', '102°56′58.72″E'),
(77, 1, 'А-331 км 335', 335, NULL, 56.397, 102.962, '56°23′49.38″N', '102°57′44.59″E'),
(78, 1, 'А-331 км 336', 336, NULL, 56.3916, 102.977, '56°23′29.68″N', '102°58′36.52″E'),
(79, 1, 'А-331 км 337', 337, NULL, 56.3866, 102.99, '56°23′11.93″N', '102°59′25.42″E'),
(80, 1, 'А-331 км 338', 338, NULL, 56.3847, 103.006, '56°23′4.86″N', '103°0′20.16″E'),
(81, 1, 'А-331 км 339', 339, NULL, 56.385, 103.022, '56°23′6.03″N', '103°1′19.72″E'),
(82, 1, 'А-331 км 340', 340, NULL, 56.382, 103.037, '56°22′55.06″N', '103°2′14.01″E'),
(83, 1, 'А-331 км 341', 341, NULL, 56.3766, 103.05, '56°22′35.66″N', '103°3′0.39″E'),
(84, 1, 'А-331 км 342', 342, NULL, 56.3711, 103.063, '56°22′15.96″N', '103°3′46.53″E'),
(85, 1, 'А-331 км 343', 343, NULL, 56.3673, 103.078, '56°22′2.14″N', '103°4′39.15″E'),
(86, 1, 'А-331 км 344', 344, NULL, 56.3675, 103.094, '56°22′2.87″N', '103°5′37.1″E'),
(87, 1, 'А-331 км 345', 345, NULL, 56.3741, 103.102, '56°22′26.61″N', '103°6′5.54″E'),
(88, 1, 'А-331 Мост ч/р Видимка км 345+795', 345, NULL, 56.3804, 103.106, '56°22′49.41″N', '103°6′21.35″E'),
(89, 1, 'А-331 км 346', 346, NULL, 56.3823, 103.107, '56°22′56.29″N', '103°6′25.69″E'),
(90, 1, 'А-331 км 347', 347, NULL, 56.3915, 103.106, '56°23′29.35″N', '103°6′23.13″E'),
(91, 1, 'А-331 км 348', 348, NULL, 56.4001, 103.107, '56°24′0.3″N', '103°6′25.41″E'),
(92, 1, 'А-331 Мост ч/р Ближний км 349+004', 349, NULL, 56.4079, 103.113, '56°24′28.51″N', '103°6′45.47″E'),
(93, 1, 'А-331 км 349', 349, NULL, 56.4081, 103.113, '56°24′29.02″N', '103°6′46.03″E'),
(94, 1, 'А-331 км 350', 350, NULL, 56.413, 103.126, '56°24′46.94″N', '103°7′33.65″E'),
(95, 1, 'А-331 км 351', 351, NULL, 56.4198, 103.136, '56°25′11.18″N', '103°8′9.3″E'),
(96, 1, 'А-331 км 352', 352, NULL, 56.4285, 103.141, '56°25′42.54″N', '103°8′27.07″E'),
(97, 1, 'А-331 км 353', 353, NULL, 56.4339, 103.152, '56°26′2.2″N', '103°9′5.6″E'),
(98, 1, 'А-331 км 354', 354, NULL, 56.4413, 103.161, '56°26′28.65″N', '103°9′38.52″E'),
(99, 1, 'А-331 км 355', 355, NULL, 56.4501, 103.161, '56°27′0.44″N', '103°9′39.37″E'),
(100, 1, 'А-331 км 356', 356, NULL, 56.4589, 103.16, '56°27′31.96″N', '103°9′37.18″E'),
(101, 1, 'А-331 км 357', 357, NULL, 56.4663, 103.169, '56°27′58.55″N', '103°10′8.57″E'),
(102, 1, 'А-331 км 358', 358, NULL, 56.4721, 103.181, '56°28′19.71″N', '103°10′50.91″E'),
(103, 1, 'А-331 км 359', 359, NULL, 56.4775, 103.192, '56°28′39.1″N', '103°11′30.1″E'),
(104, 1, 'А-331 км 360', 360, NULL, 56.4813, 103.206, '56°28′52.85″N', '103°12′22.42″E'),
(105, 1, 'А-331 км 361', 361, NULL, 56.4847, 103.221, '56°29′5.06″N', '103°13′14.66″E'),
(106, 1, 'А-331 км 362', 362, NULL, 56.4861, 103.236, '56°29′9.99″N', '103°14′9.9″E'),
(107, 1, 'А-331 км 363', 363, NULL, 56.4908, 103.249, '56°29′26.71″N', '103°14′56.99″E'),
(108, 1, 'А-331 км 364', 364, NULL, 56.4934, 103.264, '56°29′36.38″N', '103°15′51.25″E'),
(109, 1, 'А-331 км 365', 365, NULL, 56.4988, 103.277, '56°29′55.82″N', '103°16′38.38″E'),
(110, 1, 'А-331 км 366', 366, NULL, 56.5049, 103.289, '56°30′17.7″N', '103°17′21.05″E'),
(111, 1, 'А-331 км 367', 367, NULL, 56.5078, 103.304, '56°30′28.07″N', '103°18′15.29″E'),
(112, 1, 'А-331 км 368', 368, NULL, 56.5083, 103.32, '56°30′29.76″N', '103°19′12.08″E'),
(113, 1, 'А-331 км 369', 369, NULL, 56.5119, 103.335, '56°30′42.71″N', '103°20′6.03″E'),
(114, 1, 'А-331 км 370', 370, NULL, 56.5154, 103.35, '56°30′55.52″N', '103°20′59.65″E'),
(115, 1, 'А-331 км 371', 371, NULL, 56.5175, 103.366, '56°31′3″N', '103°21′55.81″E'),
(116, 1, 'А-331 км 372', 372, NULL, 56.52, 103.381, '56°31′12.08″N', '103°22′51.48″E'),
(117, 1, 'А-331 км 373', 373, NULL, 56.5172, 103.396, '56°31′1.82″N', '103°23′45.73″E'),
(118, 1, 'А-331 Мост ч/р Суворка км 373+599', 373, NULL, 56.5169, 103.406, '56°31′0.87″N', '103°24′21.25″E'),
(119, 1, 'А-331 км 374', 374, NULL, 56.5172, 103.412, '56°31′1.78″N', '103°24′44.45″E'),
(120, 1, 'А-331 км 375', 375, NULL, 56.5244, 103.42, '56°31′27.93″N', '103°25′12.62″E'),
(121, 1, 'А-331 км 376', 376, NULL, 56.5316, 103.428, '56°31′53.6″N', '103°25′41.74″E'),
(122, 1, 'А-331 км 377', 377, NULL, 56.5346, 103.444, '56°32′4.6″N', '103°26′36.82″E'),
(123, 1, 'А-331 км 378', 378, NULL, 56.5416, 103.453, '56°32′29.9″N', '103°27′12.36″E'),
(124, 1, 'А-331 км 379', 379, NULL, 56.5485, 103.464, '56°32′54.78″N', '103°27′48.93″E'),
(125, 1, 'А-331 км 380', 380, NULL, 56.5575, 103.464, '56°33′26.93″N', '103°27′50.77″E'),
(126, 1, 'А-331 км 381', 381, NULL, 56.5663, 103.467, '56°33′58.79″N', '103°28′0.36″E'),
(127, 1, 'А-331 км 382', 382, NULL, 56.5702, 103.48, '56°34′12.74″N', '103°28′48.69″E'),
(128, 1, 'А-331 км 383', 383, NULL, 56.5732, 103.495, '56°34′23.34″N', '103°29′42.53″E'),
(129, 1, 'А-331 км 384', 384, NULL, 56.5739, 103.511, '56°34′25.99″N', '103°30′39.88″E'),
(130, 1, 'А-331 км 385', 385, NULL, 56.5819, 103.517, '56°34′54.76″N', '103°30′59.64″E'),
(131, 1, 'А-331 км 386', 386, NULL, 56.5905, 103.52, '56°35′25.89″N', '103°31′13.08″E'),
(132, 1, 'А-331 км 387', 387, NULL, 56.5983, 103.529, '56°35′53.85″N', '103°31′42.69″E'),
(133, 1, 'А-331 км 388', 388, NULL, 56.6062, 103.536, '56°36′22.33″N', '103°32′10.82″E'),
(134, 1, 'А-331 км 389', 389, NULL, 56.6143, 103.543, '56°36′51.47″N', '103°32′36.23″E'),
(135, 1, 'А-331 км 390', 390, NULL, 56.6227, 103.549, '56°37′21.58″N', '103°32′56.5″E'),
(136, 1, 'А-331 км 391', 391, NULL, 56.6311, 103.554, '56°37′51.92″N', '103°33′15.88″E'),
(137, 1, 'А-331 км 392', 392, NULL, 56.6395, 103.56, '56°38′22.26″N', '103°33′35.88″E'),
(138, 1, 'А-331 км 393', 393, NULL, 56.6479, 103.563, '56°38′52.29″N', '103°33′47.1″E'),
(139, 1, 'А-331 км 394', 394, NULL, 56.6538, 103.57, '56°39′13.56″N', '103°34′11.01″E'),
(140, 1, 'А-331 км 395', 395, NULL, 56.6599, 103.581, '56°39′35.74″N', '103°34′52″E'),
(141, 1, 'А-331 км 396', 396, NULL, 56.6649, 103.591, '56°39′53.54″N', '103°35′26.78″E'),
(142, 1, 'А-331 км 397', 397, NULL, 56.6652, 103.605, '56°39′54.9″N', '103°36′19.43″E'),
(143, 1, 'А-331 Мост ч/р Иреек км 397+600', 397, NULL, 56.6705, 103.608, '56°40′13.8″N', '103°36′28.31″E'),
(144, 1, 'А-331 км 398', 398, NULL, 56.6722, 103.612, '56°40′20.02″N', '103°36′44.58″E'),
(145, 1, 'А-331 км 399', 399, NULL, 56.6777, 103.626, '56°40′39.6″N', '103°37′32.29″E'),
(146, 1, 'А-331 км 400', 400, NULL, 56.6809, 103.641, '56°40′51.4″N', '103°38′26.65″E'),
(147, 1, 'А-331 км 401', 401, NULL, 56.6888, 103.646, '56°41′19.68″N', '103°38′45.64″E'),
(148, 1, 'А-331 км 402', 402, NULL, 56.6947, 103.657, '56°41′40.92″N', '103°39′26.88″E'),
(149, 1, 'А-331 км 403', 403, NULL, 56.6984, 103.672, '56°41′54.11″N', '103°40′19.64″E'),
(150, 1, 'А-331 км 404', 404, NULL, 56.7, 103.688, '56°42′0.05″N', '103°41′16.7″E'),
(151, 1, 'А-331 км 405', 405, NULL, 56.7026, 103.703, '56°42′9.28″N', '103°42′12.45″E'),
(152, 1, 'А-331 км 406', 406, NULL, 56.7069, 103.717, '56°42′24.86″N', '103°43′2.77″E'),
(153, 1, 'А-331 км 407', 407, NULL, 56.7136, 103.728, '56°42′49.1″N', '103°43′41.15″E'),
(154, 1, 'А-331 км 408', 408, NULL, 56.7215, 103.735, '56°43′17.43″N', '103°44′6.32″E'),
(155, 1, 'А-331 км 409', 409, NULL, 56.7281, 103.745, '56°43′41.28″N', '103°44′43.46″E'),
(156, 1, 'А-331 км 410', 410, NULL, 56.7319, 103.76, '56°43′54.79″N', '103°45′34.56″E'),
(157, 1, 'А-331 км 411', 411, NULL, 56.7358, 103.773, '56°44′8.84″N', '103°46′23.72″E'),
(158, 1, 'А-331 км 412', 412, NULL, 56.738, 103.789, '56°44′16.66″N', '103°47′20.22″E'),
(159, 1, 'А-331 км 413', 413, NULL, 56.7402, 103.805, '56°44′24.62″N', '103°48′17.88″E'),
(160, 1, 'А-331 км 414', 414, NULL, 56.7426, 103.821, '56°44′33.22″N', '103°49′15.16″E'),
(161, 1, 'А-331 км 415', 415, NULL, 56.7452, 103.836, '56°44′42.87″N', '103°50′11.3″E'),
(162, 1, 'А-331 км 416', 416, NULL, 56.7521, 103.846, '56°45′7.63″N', '103°50′45.12″E'),
(163, 1, 'А-331 км 417', 417, NULL, 56.759, 103.856, '56°45′32.43″N', '103°51′20.51″E'),
(164, 1, 'А-331 км 418', 418, NULL, 56.7597, 103.87, '56°45′35.08″N', '103°52′13.29″E'),
(165, 1, 'А-331 Мост ч/р Илим км 418+059', 418, NULL, 56.7598, 103.871, '56°45′35.4″N', '103°52′14.07″E'),
(166, 1, 'А-331 км 419', 419, NULL, 56.765, 103.884, '56°45′54.04″N', '103°53′1.34″E'),
(167, 1, 'А-331 км 420', 420, NULL, 56.7675, 103.899, '56°46′2.88″N', '103°53′57.49″E'),
(168, 1, 'А-331 км 421', 421, NULL, 56.7705, 103.914, '56°46′13.95″N', '103°54′48.63″E'),
(169, 1, 'А-331 км 422', 422, NULL, 56.7705, 103.929, '56°46′13.88″N', '103°55′45.02″E'),
(170, 1, 'А-331 км 423', 423, NULL, 56.7702, 103.946, '56°46′12.7″N', '103°56′45.83″E'),
(171, 1, 'А-331 км 424', 424, NULL, 56.7708, 103.962, '56°46′14.95″N', '103°57′41.81″E'),
(172, 1, 'А-331 км 425', 425, NULL, 56.7649, 103.974, '56°45′53.5″N', '103°58′27.85″E'),
(173, 1, 'А-331 км 426', 426, NULL, 56.7579, 103.985, '56°45′28.56″N', '103°59′5.05″E'),
(174, 1, 'А-331 км 427', 427, NULL, 56.7516, 103.996, '56°45′5.7″N', '103°59′44.16″E'),
(175, 1, 'А-331 км 428', 428, NULL, 56.7462, 104.008, '56°44′46.2″N', '104°0′30.26″E'),
(176, 1, 'А-331 км 429', 429, NULL, 56.7385, 104.017, '56°44′18.76″N', '104°1′0.08″E'),
(177, 1, 'А-331 Мост ч/р Казачья км 429+543', 429, NULL, 56.736, 104.024, '56°44′9.6″N', '104°1′25.76″E'),
(178, 1, 'А-331 км 430', 430, NULL, 56.734, 104.03, '56°44′2.24″N', '104°1′47.55″E'),
(179, 1, 'А-331 км 431', 431, NULL, 56.7349, 104.045, '56°44′5.76″N', '104°2′42.31″E'),
(180, 1, 'А-331 км 432', 432, NULL, 56.7372, 104.06, '56°44′13.82″N', '104°3′36.76″E'),
(181, 1, 'А-331 км 433', 433, NULL, 56.7361, 104.076, '56°44′9.85″N', '104°4′33.43″E'),
(182, 1, 'А-331 км 434', 434, NULL, 56.7309, 104.088, '56°43′51.32″N', '104°5′17.06″E'),
(183, 1, 'А-331 км 435', 435, NULL, 56.7255, 104.101, '56°43′31.83″N', '104°6′4.72″E'),
(184, 1, 'А-331 км 436', 436, NULL, 56.7202, 104.114, '56°43′12.55″N', '104°6′51.8″E'),
(185, 1, 'А-331 км 437', 437, NULL, 56.7195, 104.13, '56°43′10.26″N', '104°7′47.84″E'),
(186, 1, 'А-331 км 438', 438, NULL, 56.7173, 104.146, '56°43′2.36″N', '104°8′44.94″E'),
(187, 1, 'А-331 км 439', 439, NULL, 56.7142, 104.161, '56°42′50.97″N', '104°9′38.67″E'),
(188, 1, 'А-331 км 440', 440, NULL, 56.7085, 104.175, '56°42′30.47″N', '104°10′28.66″E'),
(189, 1, 'А-331 км 441', 441, NULL, 56.7034, 104.187, '56°42′12.16″N', '104°11′12.69″E'),
(190, 1, 'А-331 км 442', 442, NULL, 56.7004, 104.202, '56°42′1.54″N', '104°12′7.54″E'),
(191, 1, 'А-331 км 443', 443, NULL, 56.7017, 104.218, '56°42′6.16″N', '104°13′4.55″E'),
(192, 1, 'А-331 км 444', 444, NULL, 56.7013, 104.233, '56°42′4.65″N', '104°13′59.4″E'),
(193, 1, 'А-331 Путепровод ч/р ж/д ст.Хребтовая км 444+079', 444, NULL, 56.701, 104.234, '56°42′3.66″N', '104°14′2.01″E'),
(194, 1, 'А-331 км 445', 445, NULL, 56.6993, 104.249, '56°41′57.36″N', '104°14′54.84″E'),
(195, 1, 'А-331 км 446', 446, NULL, 56.7032, 104.261, '56°42′11.56″N', '104°15′40.71″E'),
(196, 1, 'А-331 км 447', 447, NULL, 56.7046, 104.278, '56°42′16.71″N', '104°16′41.86″E'),
(197, 1, 'А-331 км 448', 448, NULL, 56.7076, 104.292, '56°42′27.42″N', '104°17′32.77″E'),
(198, 1, 'А-331 км 449', 449, NULL, 56.7126, 104.306, '56°42′45.22″N', '104°18′20.95″E'),
(199, 1, 'А-331 км 450', 450, NULL, 56.7131, 104.321, '56°42′47.09″N', '104°19′13.95″E'),
(200, 1, 'А-331 км 451', 451, NULL, 56.7076, 104.334, '56°42′27.32″N', '104°20′4.01″E'),
(201, 1, 'А-331 км 452', 452, NULL, 56.7012, 104.345, '56°42′4.17″N', '104°20′43.14″E'),
(202, 1, 'А-331 км 453', 453, NULL, 56.6971, 104.36, '56°41′49.61″N', '104°21′37.56″E'),
(203, 1, 'А-331 км 454', 454, NULL, 56.6982, 104.376, '56°41′53.64″N', '104°22′34.36″E'),
(204, 1, 'А-331 км 455', 455, NULL, 56.6987, 104.392, '56°41′55.22″N', '104°23′32.84″E'),
(205, 1, 'А-331 км 456', 456, NULL, 56.702, 104.406, '56°42′7.26″N', '104°24′22.61″E'),
(206, 1, 'А-331 км 457', 457, NULL, 56.7062, 104.421, '56°42′22.23″N', '104°25′14.21″E'),
(207, 1, 'А-331 км 458', 458, NULL, 56.707, 104.436, '56°42′25.3″N', '104°26′10″E'),
(208, 1, 'А-331 км 459', 459, NULL, 56.7004, 104.446, '56°42′1.39″N', '104°26′44.11″E'),
(209, 1, 'А-331 км 460', 460, NULL, 56.6937, 104.457, '56°41′37.48″N', '104°27′23.72″E'),
(210, 1, 'А-331 км 461', 461, NULL, 56.6882, 104.469, '56°41′17.5″N', '104°28′7.15″E'),
(211, 1, 'А-331 км 462', 462, NULL, 56.6859, 104.484, '56°41′9.14″N', '104°29′1.85″E'),
(212, 1, 'А-331 км 463', 463, NULL, 56.6819, 104.499, '56°40′54.96″N', '104°29′55.3″E'),
(213, 1, 'А-331 км 464', 464, NULL, 56.6743, 104.506, '56°40′27.33″N', '104°30′22.39″E'),
(214, 1, 'А-331 км 465', 465, NULL, 56.6723, 104.52, '56°40′20.14″N', '104°31′11.56″E'),
(215, 1, 'А-331 км 466', 466, NULL, 56.6726, 104.536, '56°40′21.24″N', '104°32′9.66″E'),
(216, 1, 'А-331 км 467', 467, NULL, 56.6697, 104.552, '56°40′11.01″N', '104°33′5.94″E'),
(217, 1, 'А-331 Путепровод ч/р ж/д км 467+970', 467, NULL, 56.6705, 104.566, '56°40′13.64″N', '104°33′57.52″E'),
(218, 1, 'А-331 км 468', 468, NULL, 56.6705, 104.566, '56°40′13.85″N', '104°33′57.92″E'),
(219, 1, 'А-331 Мост ч/р Мука км 468+713', 468, NULL, 56.6745, 104.575, '56°40′28.3″N', '104°34′28.83″E'),
(220, 1, 'А-331 км469', 469, NULL, 56.6754, 104.579, '56°40′31.36″N', '104°34′45.27″E'),
(221, 1, 'А-331 км470', 470, NULL, 56.6759, 104.596, '56°40′33.18″N', '104°35′44.07″E'),
(222, 1, 'А-331 Мост ч/р Березовка км 470+559', 470, NULL, 56.6784, 104.603, '56°40′42.09″N', '104°36′11.88″E'),
(223, 1, 'А-331 км 471', 471, NULL, 56.6788, 104.611, '56°40′43.86″N', '104°36′38.44″E'),
(224, 1, 'А-331 км 472', 472, NULL, 56.6788, 104.627, '56°40′43.67″N', '104°37′35.61″E'),
(225, 1, 'А-331 км 473', 473, NULL, 56.6797, 104.643, '56°40′46.82″N', '104°38′33.98″E'),
(226, 1, 'А-331 Мост ч/р резей б/н км 473+419', 473, NULL, 56.6817, 104.648, '56°40′54.13″N', '104°38′53.25″E'),
(227, 1, 'А-331 км 474', 474, NULL, 56.6849, 104.655, '56°41′5.54″N', '104°39′18.38″E'),
(228, 1, 'А-331 км 475', 475, NULL, 56.6928, 104.66, '56°41′34.12″N', '104°39′36.85″E'),
(229, 1, 'А-331 км 476', 476, NULL, 56.7023, 104.664, '56°42′8.31″N', '104°39′51.86″E'),
(230, 1, 'А-331 км 477', 477, NULL, 56.7106, 104.67, '56°42′38.22″N', '104°40′12.68″E'),
(231, 1, 'А-331 км 478', 478, NULL, 56.7195, 104.672, '56°43′10.36″N', '104°40′19.82″E'),
(232, 1, 'А-331 км 479', 479, NULL, 56.7285, 104.671, '56°43′42.44″N', '104°40′13.94″E'),
(233, 1, 'А-331 км 480', 480, NULL, 56.737, 104.673, '56°44′13.3″N', '104°40′21.86″E'),
(234, 1, 'А-331 км 481', 481, NULL, 56.7456, 104.677, '56°44′44.24″N', '104°40′36.3″E'),
(235, 1, 'А-331 км 482', 482, NULL, 56.753, 104.682, '56°45′10.77″N', '104°40′56.91″E'),
(236, 1, 'А-331 км 483', 483, NULL, 56.7614, 104.692, '56°45′41.09″N', '104°41′29.98″E'),
(237, 1, 'А-331 км 484', 484, NULL, 56.7654, 104.705, '56°45′55.61″N', '104°42′16.45″E'),
(238, 1, 'А-331 км 485', 485, NULL, 56.7729, 104.713, '56°46′22.39″N', '104°42′47.04″E'),
(239, 1, 'А-331 км 486', 486, NULL, 56.7766, 104.728, '56°46′35.82″N', '104°43′39.24″E'),
(240, 1, 'А-331 км 487', 487, NULL, 56.7837, 104.734, '56°47′1.49″N', '104°44′3.15″E'),
(241, 1, 'А-331 км 488', 488, NULL, 56.7926, 104.735, '56°47′33.46″N', '104°44′7.19″E'),
(242, 1, 'А-331 км 489', 489, NULL, 56.8016, 104.734, '56°48′5.7″N', '104°44′2.79″E'),
(243, 1, 'А-331 км 490', 490, NULL, 56.8043, 104.738, '56°48′15.43″N', '104°44′16.55″E'),
(244, 1, 'А-331 Мост ч/р Подъемная км 490+338', 490, NULL, 56.8042, 104.743, '56°48′15.27″N', '104°44′35.81″E'),
(245, 1, 'А-331 км 491', 491, NULL, 56.8009, 104.752, '56°48′3.21″N', '104°45′6.47″E'),
(246, 1, 'А-331 км 492', 492, NULL, 56.8, 104.766, '56°48′0.04″N', '104°45′58.83″E'),
(247, 1, 'А-331 км 493', 493, NULL, 56.8079, 104.772, '56°48′28.37″N', '104°46′20.27″E'),
(248, 1, 'А-331 км 494', 494, NULL, 56.813, 104.784, '56°48′46.62″N', '104°47′3.52″E'),
(249, 1, 'А-331 км 495', 495, NULL, 56.8136, 104.8, '56°48′48.89″N', '104°48′0.51″E'),
(250, 1, 'А-331 км 496', 496, NULL, 56.8142, 104.816, '56°48′51.08″N', '104°48′57.52″E'),
(251, 1, 'А-331 км 497', 497, NULL, 56.8155, 104.831, '56°48′55.76″N', '104°49′52.87″E'),
(252, 1, 'А-331 км 498', 498, NULL, 56.8141, 104.846, '56°48′50.59″N', '104°50′47.35″E'),
(253, 1, 'А-331 км 499', 499, NULL, 56.8104, 104.859, '56°48′37.47″N', '104°51′34.08″E'),
(254, 1, 'А-331 км 500', 500, NULL, 56.8118, 104.875, '56°48′42.52″N', '104°52′29.91″E'),
(255, 1, 'А-331 км 501', 501, NULL, 56.8175, 104.886, '56°49′3.09″N', '104°53′9.93″E'),
(256, 1, 'А-331 Мост ч/р каймоновка км 501+523', 501, NULL, 56.8246, 104.885, '56°49′28.42″N', '104°53′7.75″E'),
(257, 1, 'А-331 км 502', 502, NULL, 56.8261, 104.885, '56°49′34.08″N', '104°53′5.44″E'),
(258, 1, 'А-331 км 503', 503, NULL, 56.8364, 104.888, '56°50′11.19″N', '104°53′17.46″E'),
(259, 1, 'А-331 Мост ч/р Кута км 503+147', 503, NULL, 56.837, 104.89, '56°50′13.28″N', '104°53′22.48″E'),
(260, 1, 'А-331 км 504', 504, NULL, 56.8368, 104.904, '56°50′12.63″N', '104°54′14.5″E'),
(261, 1, 'А-331 км 505', 505, NULL, 56.8353, 104.919, '56°50′7.25″N', '104°55′9.45″E'),
(262, 1, 'А-331 км 506', 506, NULL, 56.8353, 104.935, '56°50′7.23″N', '104°56′7.76″E'),
(263, 1, 'А-331 км 507', 507, NULL, 56.8359, 104.952, '56°50′9.34″N', '104°57′6.38″E'),
(264, 1, 'А-331 км 508', 508, NULL, 56.8362, 104.968, '56°50′10.24″N', '104°58′4.97″E'),
(265, 1, 'А-331 км 509', 509, NULL, 56.8332, 104.983, '56°49′59.48″N', '104°58′59.17″E'),
(266, 1, 'А-331 км 510', 510, NULL, 56.8335, 104.999, '56°50′0.47″N', '104°59′56.91″E'),
(267, 1, 'А-331 км 511', 511, NULL, 56.8403, 105.008, '56°50′25.03″N', '105°0′29.01″E'),
(268, 1, 'А-331 Мост ч/р Оверин км 511+049', 511, NULL, 56.8409, 105.008, '56°50′27.11″N', '105°0′30.39″E'),
(269, 1, 'А-331 км 512', 512, NULL, 56.8452, 105.021, '56°50′42.63″N', '105°1′15.39″E'),
(270, 1, 'А-331 км 513', 513, NULL, 56.8473, 105.038, '56°50′50.41″N', '105°2′15.12″E'),
(271, 1, 'А-331 км 514', 514, NULL, 56.8514, 105.052, '56°51′5″N', '105°3′8.48″E'),
(272, 1, 'А-331 км 515', 515, NULL, 56.8564, 105.064, '56°51′22.99″N', '105°3′50.64″E'),
(273, 1, 'А-331 км 516', 516, NULL, 56.8629, 105.074, '56°51′46.57″N', '105°4′27.24″E'),
(274, 1, 'А-331 Мост ч/р Ямный км 516+538', 516, NULL, 56.8629, 105.082, '56°51′46.4″N', '105°4′53.57″E'),
(275, 1, 'А-331 км 517', 517, NULL, 56.863, 105.089, '56°51′46.81″N', '105°5′21.6″E'),
(276, 1, 'А-331 км 518', 518, NULL, 56.8629, 105.105, '56°51′46.49″N', '105°6′19.13″E'),
(277, 1, 'А-331 км 519', 519, NULL, 56.8653, 105.121, '56°51′55.09″N', '105°7′16.05″E'),
(278, 1, 'А-331 Мост ч/р Островной км 519+447', 519, NULL, 56.8674, 105.128, '56°52′2.53″N', '105°7′39.54″E'),
(279, 1, 'А-331 км 520', 520, NULL, 56.8679, 105.136, '56°52′4.54″N', '105°8′10.58″E'),
(280, 1, 'А-331 км 521', 521, NULL, 56.8678, 105.153, '56°52′4.13″N', '105°9′9.49″E'),
(281, 1, 'А-331 км 522', 522, NULL, 56.8654, 105.168, '56°51′55.41″N', '105°10′4.44″E'),
(282, 1, 'А-331 Мост ч/р Сухой км 522+662', 522, NULL, 56.865, 105.18, '56°51′53.82″N', '105°10′46.39″E'),
(283, 1, 'А-331 км 523', 523, NULL, 56.8642, 105.184, '56°51′50.98″N', '105°11′3.64″E'),
(284, 1, 'А-331 км 524', 524, NULL, 56.8654, 105.201, '56°51′55.53″N', '105°12′2.06″E'),
(285, 1, 'А-331 км 525', 525, NULL, 56.8602, 105.212, '56°51′36.64″N', '105°12′42.19″E'),
(286, 1, 'А-331 км 526', 526, NULL, 56.8527, 105.221, '56°51′9.77″N', '105°13′17.17″E'),
(287, 1, 'А-331 км 527', 527, NULL, 56.8467, 105.233, '56°50′48.14″N', '105°14′0.03″E'),
(288, 1, 'А-331 Мост ч/р Еловый км 527+735', 527, NULL, 56.8442, 105.244, '56°50′39.13″N', '105°14′39.87″E'),
(289, 1, 'А-331 км 528', 528, NULL, 56.8432, 105.249, '56°50′35.48″N', '105°14′54.66″E'),
(290, 1, 'А-331 км 529', 529, NULL, 56.8371, 105.258, '56°50′13.71″N', '105°15′28.61″E'),
(291, 1, 'А-331 км 530', 530, NULL, 56.8295, 105.269, '56°49′46.07″N', '105°16′8.75″E'),
(292, 1, 'А-331 км 531', 531, NULL, 56.8275, 105.283, '56°49′39.03″N', '105°16′57.45″E'),
(293, 1, 'А-331 Мост ч/р Половинка км 531+244', 531, NULL, 56.8274, 105.286, '56°49′38.47″N', '105°17′10.73″E'),
(294, 1, 'А-331 км 532', 532, NULL, 56.8205, 105.286, '56°49′13.63″N', '105°17′9.14″E'),
(295, 1, 'А-331 км 533', 533, NULL, 56.8124, 105.289, '56°48′44.81″N', '105°17′20.43″E'),
(296, 1, 'А-331 км 534', 534, NULL, 56.8032, 105.288, '56°48′11.66″N', '105°17′16.44″E'),
(297, 1, 'А-331 км 535', 535, NULL, 56.7963, 105.294, '56°47′46.84″N', '105°17′38.98″E'),
(298, 1, 'А-331 км 536', 536, NULL, 56.7889, 105.305, '56°47′19.94″N', '105°18′18.34″E'),
(299, 1, 'А-331 км 537', 537, NULL, 56.7796, 105.308, '56°46′46.47″N', '105°18′29.55″E'),
(300, 1, 'А-331 км 538', 538, NULL, 56.7729, 105.318, '56°46′22.57″N', '105°19′3.71″E'),
(301, 1, 'А-331 км 539', 539, NULL, 56.7675, 105.329, '56°46′3.1″N', '105°19′43.09″E'),
(302, 1, 'А-331 км 540', 540, NULL, 56.7613, 105.342, '56°45′40.83″N', '105°20′30.56″E'),
(303, 1, 'А-331 км 541', 541, NULL, 56.7551, 105.353, '56°45′18.28″N', '105°21′10.86″E'),
(304, 1, 'А-331 км 542', 542, NULL, 56.7495, 105.366, '56°44′58.24″N', '105°21′57.47″E'),
(305, 1, 'А-331 км 543', 543, NULL, 56.7449, 105.378, '56°44′41.48″N', '105°22′41.57″E'),
(306, 1, 'А-331 км 544', 544, NULL, 56.7377, 105.387, '56°44′15.72″N', '105°23′13.66″E'),
(307, 1, 'А-331 км 545', 545, NULL, 56.7366, 105.404, '56°44′11.77″N', '105°24′13.4″E'),
(308, 1, 'А-331 км 546', 546, NULL, 56.7405, 105.419, '56°44′25.77″N', '105°25′6.9″E'),
(309, 1, 'А-331 км 547', 547, NULL, 56.7452, 105.432, '56°44′42.76″N', '105°25′56.2″E'),
(310, 1, 'А-331 Мост ч/р Бермякино км 547+548', 547, NULL, 56.7467, 105.44, '56°44′48.14″N', '105°26′24.49″E'),
(311, 1, 'А-331 км 548', 548, NULL, 56.7449, 105.447, '56°44′41.54″N', '105°26′50.5″E'),
(312, 1, 'А-331 км 549', 549, NULL, 56.7422, 105.462, '56°44′31.91″N', '105°27′44.42″E'),
(313, 1, 'А-331 км 550', 550, NULL, 56.7373, 105.476, '56°44′14.22″N', '105°28′31.85″E'),
(314, 1, 'А-331 км 551', 551, NULL, 56.7296, 105.484, '56°43′46.68″N', '105°29′1.36″E'),
(315, 1, 'А-331 км 552', 552, NULL, 56.7298, 105.5, '56°43′47.31″N', '105°29′58.34″E'),
(316, 1, 'А-331 км 553', 553, NULL, 56.7323, 105.514, '56°43′56.23″N', '105°30′51.79″E'),
(317, 1, 'А-331 км 554', 554, NULL, 56.7373, 105.528, '56°44′14.42″N', '105°31′40.16″E'),
(318, 1, 'А-331 км 555', 555, NULL, 56.7457, 105.533, '56°44′44.47″N', '105°31′59.28″E'),
(319, 1, 'А-331 км 556', 556, NULL, 56.7541, 105.538, '56°45′14.71″N', '105°32′15.64″E'),
(320, 1, 'А-331 км 557', 557, NULL, 56.763, 105.542, '56°45′46.63″N', '105°32′32.8″E'),
(321, 1, 'А-331 Мост ч/р Агафоновский км 557+998', 557, NULL, 56.77, 105.551, '56°46′11.99″N', '105°33′4.34″E'),
(322, 1, 'А-331 км 558', 558, NULL, 56.7701, 105.551, '56°46′12.25″N', '105°33′5.25″E'),
(323, 1, 'А-331 км 559', 559, NULL, 56.7762, 105.563, '56°46′34.18″N', '105°33′45.81″E'),
(324, 1, 'А-331 км 560', 560, NULL, 56.7832, 105.571, '56°46′59.57″N', '105°34′17″E'),
(325, 1, 'А-331 км 561', 561, NULL, 56.7901, 105.582, '56°47′24.39″N', '105°34′55.16″E'),
(326, 1, 'А-331 км 561+046 конец трассы', 561, NULL, 56.7905, 105.583, '56°47′25.92″N', '105°34′57.86″E'),
(327, 1, 'Начало дороги А-331 км 0+000', 0, NULL, 56.8059, 105.888, '56°48′21.32″N', '105°53′16.35″E'),
(328, 3, 'А-331 км 1', 1, NULL, 56.8114, 105.89, '56°48′40.86″N', '105°53′24.32″E'),
(329, 3, 'А-331 км 2', 2, NULL, 56.8102, 105.872, '56°48′36.7″N', '105°52′20.65″E'),
(330, 3, 'А-331 км 3', 3, NULL, 56.8111, 105.857, '56°48′39.78″N', '105°51′26.58″E'),
(331, 3, 'А-331 км 4', 4, NULL, 56.8167, 105.843, '56°49′0.1″N', '105°50′33.59″E'),
(332, 3, 'А-331 км 5', 5, NULL, 56.8136, 105.831, '56°48′48.88″N', '105°49′50.94″E'),
(333, 3, 'А-331 км 6', 6, NULL, 56.8131, 105.817, '56°48′47.11″N', '105°48′59.71″E'),
(334, 3, 'А-331 км 7', 7, NULL, 56.8104, 105.801, '56°48′37.46″N', '105°48′3.93″E'),
(335, 3, 'А-331 км 8', 8, NULL, 56.8076, 105.787, '56°48′27.51″N', '105°47′12.42″E'),
(336, 3, 'А-331 км 9', 9, NULL, 56.8029, 105.769, '56°48′10.54″N', '105°46′8.35″E'),
(337, 3, 'А-331 км 10', 10, NULL, 56.8034, 105.758, '56°48′12.11″N', '105°45′29.58″E'),
(338, 3, 'А-331 км 11', 11, NULL, 56.7951, 105.758, '56°47′42.21″N', '105°45′30.26″E'),
(339, 3, 'А-331 км 12', 12, NULL, 56.7897, 105.745, '56°47′22.78″N', '105°44′43.71″E'),
(340, 3, 'А-331 км 13', 13, NULL, 56.7852, 105.731, '56°47′6.75″N', '105°43′52.83″E'),
(341, 3, 'А-331 км 14', 14, NULL, 56.7885, 105.717, '56°47′18.64″N', '105°43′1.31″E'),
(342, 3, 'А-331 км 15', 15, NULL, 56.7829, 105.705, '56°46′58.52″N', '105°42′16.55″E'),
(343, 3, 'А-331 км 16', 16, NULL, 56.7783, 105.693, '56°46′41.85″N', '105°41′36.42″E'),
(344, 3, 'А-331 км 17', 17, NULL, 56.7718, 105.682, '56°46′18.48″N', '105°40′55.51″E'),
(345, 3, 'А-331 км 18', 18, NULL, 56.7665, 105.669, '56°45′59.33″N', '105°40′9.13″E'),
(346, 3, 'А-331 км 19', 19, NULL, 56.7708, 105.656, '56°46′14.95″N', '105°39′23.12″E'),
(347, 3, 'А-331 км 20', 20, NULL, 56.7757, 105.643, '56°46′32.59″N', '105°38′36.44″E'),
(348, 3, 'А-331 км 21', 21, NULL, 56.7841, 105.638, '56°47′2.93″N', '105°38′16.03″E'),
(349, 3, 'А-331 км 22', 22, NULL, 56.7923, 105.631, '56°47′32.25″N', '105°37′53.16″E'),
(350, 3, 'А-331 км 23', 23, NULL, 56.7997, 105.623, '56°47′58.92″N', '105°37′24.18″E'),
(351, 3, 'А-331 Путепровод ч/р ж/д км23+522', 23, NULL, 56.7998, 105.616, '56°47′59.21″N', '105°36′56.88″E'),
(352, 3, 'Конец дороги А-331 км 23+725', 23, NULL, 56.7986, 105.614, '56°47′55.06″N', '105°36′51.93″E'),
(353, 2, 'начало трассы А-331 км 15', 15, NULL, 56.8197, 105.969, '56°49′11.05″N', '105°58′8.12″E'),
(354, 2, 'А-331 км 16 ', 16, NULL, 56.8216, 105.985, '56°49′17.91″N', '105°59′5.25″E'),
(355, 2, 'А-331 км 17', 17, NULL, 56.8229, 106, '56°49′22.44″N', '105°59′58.8″E'),
(356, 2, 'А-331 км 18', 18, NULL, 56.818, 106.017, '56°49′4.78″N', '106°0′59.41″E'),
(357, 2, 'А-331 км 19', 19, NULL, 56.8142, 106.032, '56°48′51″N', '106°1′56.38″E'),
(358, 2, 'А-331 км 20', 20, NULL, 56.8168, 106.047, '56°49′0.4″N', '106°2′48.21″E'),
(359, 2, 'А-331 км 21', 21, NULL, 56.8223, 106.059, '56°49′20.31″N', '106°3′32.26″E'),
(360, 2, 'А-331 км 22', 22, NULL, 56.8298, 106.069, '56°49′47.24″N', '106°4′9.41″E'),
(361, 2, 'А-331 МОСТ ГРЕМЯЧИЙ км23+182', 23, NULL, 56.8365, 106.076, '56°50′11.5″N', '106°4′35.07″E'),
(362, 2, 'А-331 км 23', 23, NULL, 56.8376, 106.079, '56°50′15.27″N', '106°4′42.92″E'),
(363, 2, 'А-331 км 24', 24, NULL, 56.8421, 106.087, '56°50′31.72″N', '106°5′12.24″E'),
(364, 2, 'А-331 км 25', 25, NULL, 56.8509, 106.09, '56°51′3.19″N', '106°5′24.56″E'),
(365, 2, 'А-331 км 26', 26, NULL, 56.8587, 106.088, '56°51′31.25″N', '106°5′17.73″E'),
(366, 2, 'А-331 МОСТ ПОЛОВИННАЯ км 26+505', 26, NULL, 56.8609, 106.094, '56°51′39.11″N', '106°5′37.27″E'),
(367, 2, 'А-331 км  27', 27, NULL, 56.8615, 106.103, '56°51′41.23″N', '106°6′10.41″E'),
(368, 2, 'А-331 км  28', 28, NULL, 56.8695, 106.109, '56°52′10.25″N', '106°6′32.91″E'),
(369, 2, 'А-331 км  29', 29, NULL, 56.8773, 106.112, '56°52′38.24″N', '106°6′43.12″E'),
(370, 2, 'А-331 км  30', 30, NULL, 56.8883, 106.116, '56°53′17.76″N', '106°6′56.37″E'),
(371, 2, 'А-331 МОСТ МЕЖНИК км 30+395', 30, NULL, 56.8898, 106.116, '56°53′23.34″N', '106°6′57.22″E'),
(372, 2, 'А-331 км 31', 31, NULL, 56.8968, 106.12, '56°53′48.4″N', '106°7′11.37″E'),
(373, 2, 'А-331 км 32', 32, NULL, 56.9058, 106.127, '56°54′20.91″N', '106°7′36.04″E'),
(374, 2, 'А-331 км 33', 33, NULL, 56.9125, 106.128, '56°54′44.92″N', '106°7′40.35″E'),
(375, 2, 'А-331 МОСТ СУХОЁЛ км 33+575', 33, NULL, 56.917, 106.128, '56°55′1.29″N', '106°7′41.97″E'),
(376, 2, 'А-331 км 34', 34, NULL, 56.9214, 106.13, '56°55′16.88″N', '106°7′47.68″E'),
(377, 2, 'А-331 км 35', 35, NULL, 56.9292, 106.132, '56°55′45.14″N', '106°7′54.07″E'),
(378, 2, 'А-331 МОСТ СОСНОВЫЙ км 35+252', 35, NULL, 56.9316, 106.13, '56°55′53.66″N', '106°7′47.55″E'),
(379, 2, 'А-331 км 36', 36, NULL, 56.9389, 106.137, '56°56′19.94″N', '106°8′11.41″E'),
(380, 2, 'А-331 км 37', 37, NULL, 56.9461, 106.141, '56°56′45.99″N', '106°8′29.27″E'),
(381, 2, 'А-331 км 38', 38, NULL, 56.9551, 106.144, '56°57′18.51″N', '106°8′37.42″E'),
(382, 2, 'А-331 МОСТ КОРОЛИХА км 38+385', 38, NULL, 56.9581, 106.143, '56°57′29.24″N', '106°8′34.68″E'),
(383, 2, 'А-331 км 39', 39, NULL, 56.9628, 106.149, '56°57′46.21″N', '106°8′56.95″E'),
(384, 2, 'А-331 км 40', 40, NULL, 56.9697, 106.154, '56°58′10.96″N', '106°9′13.76″E'),
(385, 2, 'А-331 км 41', 41, NULL, 56.979, 106.154, '56°58′44.46″N', '106°9′13.61″E'),
(386, 2, 'А-331 км 42', 42, NULL, 56.9868, 106.15, '56°59′12.48″N', '106°9′1.32″E'),
(387, 2, 'А-331 МОСТ КАЗАРКА км 42+431', 42, NULL, 56.9906, 106.152, '56°59′26.21″N', '106°9′7.02″E'),
(388, 2, 'А-331 км 43', 43, NULL, 56.9937, 106.158, '56°59′37.42″N', '106°9′28.84″E'),
(389, 2, 'А-331 км 44', 44, NULL, 57.0003, 106.168, '57°0′1.07″N', '106°10′4.72″E'),
(390, 2, 'А-331 км 45', 45, NULL, 57.0082, 106.18, '57°0′29.69″N', '106°10′46.83″E'),
(391, 2, 'А-331 км 46', 46, NULL, 57.0151, 106.19, '57°0′54.2″N', '106°11′22.86″E'),
(392, 2, 'А-331 км 47', 47, NULL, 57.0195, 106.2, '57°1′10.21″N', '106°12′0.57″E'),
(393, 2, 'А-331 км 48', 48, NULL, 57.0234, 106.214, '57°1′24.42″N', '106°12′52.09″E'),
(394, 2, 'А-331 МОСТ ЧУДНИЧНЫЙ км 48+642', 48, NULL, 57.025, 106.225, '57°1′29.99″N', '106°13′30.21″E'),
(395, 2, 'А-331 км 49', 49, NULL, 57.025, 106.23, '57°1′30.06″N', '106°13′48.24″E'),
(396, 2, 'А-331 км 50', 50, NULL, 57.028, 106.245, '57°1′40.85″N', '106°14′42.61″E'),
(397, 2, 'А-331 км 51', 51, NULL, 57.0276, 106.261, '57°1′39.34″N', '106°15′39.09″E'),
(398, 2, 'А-331 км 52', 52, NULL, 57.0294, 106.276, '57°1′45.93″N', '106°16′34″E'),
(399, 2, 'А-331 км 53', 53, NULL, 57.0344, 106.278, '57°2′3.76″N', '106°16′42.51″E'),
(400, 2, 'А-331 МОСТ ЕЛОВКА км 53+409', 53, NULL, 57.0375, 106.274, '57°2′15.18″N', '106°16′28.09″E'),
(401, 2, 'А-331 км 54', 54, NULL, 57.0418, 106.275, '57°2′30.47″N', '106°16′28.25″E'),
(402, 2, 'А-331 км 55', 55, NULL, 57.0487, 106.266, '57°2′55.18″N', '106°15′56.65″E'),
(403, 2, 'А-331 км 56', 56, NULL, 57.0571, 106.266, '57°3′25.42″N', '106°15′56.34″E'),
(404, 2, 'А-331 км 57', 57, NULL, 57.0655, 106.263, '57°3′55.76″N', '106°15′46.85″E'),
(405, 2, 'А-331 км 58', 58, NULL, 57.0735, 106.258, '57°4′24.68″N', '106°15′28.75″E'),
(406, 2, 'А-331 км 59', 59, NULL, 57.0817, 106.258, '57°4′54.15″N', '106°15′29.83″E'),
(407, 2, 'А-331 км 60', 60, NULL, 57.0905, 106.262, '57°5′25.74″N', '106°15′43.47″E'),
(408, 2, 'А-331 км 61', 61, NULL, 57.0997, 106.268, '57°5′58.87″N', '106°16′4.65″E'),
(409, 2, 'А-331 км 62', 62, NULL, 57.1088, 106.267, '57°6′31.67″N', '106°16′0.13″E'),
(410, 2, 'А-331 км 63', 63, NULL, 57.1179, 106.269, '57°7′4.47″N', '106°16′7.52″E'),
(411, 2, 'А-331 км 64', 64, NULL, 57.1272, 106.269, '57°7′37.78″N', '106°16′8.17″E'),
(412, 2, 'А-331 км 65', 65, NULL, 57.1358, 106.269, '57°8′9.03″N', '106°16′9.18″E'),
(413, 2, 'А-331 км 66', 66, NULL, 57.1448, 106.27, '57°8′41.28″N', '106°16′10.31″E'),
(414, 2, 'А-331 км 67', 67, NULL, 57.1539, 106.271, '57°9′13.98″N', '106°16′13.91″E'),
(415, 2, 'А-331 км 68', 68, NULL, 57.1611, 106.279, '57°9′39.93″N', '106°16′43.49″E'),
(416, 2, 'А-331 км 69', 69, NULL, 57.1661, 106.291, '57°9′57.84″N', '106°17′29.09″E'),
(417, 2, 'А-331 км 70', 70, NULL, 57.1666, 106.308, '57°9′59.66″N', '106°18′28.17″E'),
(418, 2, 'А-331 км 71', 71, NULL, 57.1677, 106.324, '57°10′3.78″N', '106°19′26.8″E'),
(419, 2, 'А-331 км 72', 72, NULL, 57.1689, 106.34, '57°10′8.08″N', '106°20′25.24″E'),
(420, 2, 'А-331 км 73', 73, NULL, 57.1702, 106.357, '57°10′12.82″N', '106°21′23.64″E'),
(421, 2, 'А-331 км 74', 74, NULL, 57.1738, 106.37, '57°10′25.59″N', '106°22′13.7″E'),
(422, 2, 'А-331 км 75', 75, NULL, 57.1741, 106.386, '57°10′26.66″N', '106°23′11.28″E'),
(423, 2, 'А-331 км 76', 76, NULL, 57.1697, 106.399, '57°10′10.77″N', '106°23′57.08″E'),
(424, 2, 'А-331 МОСТ Верх. БОЧАКТА км 75+877', 75, NULL, 57.169, 106.401, '57°10′8.31″N', '106°24′3.51″E'),
(425, 2, 'А-331 км 77', 77, NULL, 57.1674, 106.415, '57°10′2.72″N', '106°24′53.13″E'),
(426, 2, 'А-331 км 78', 78, NULL, 57.1701, 106.423, '57°10′12.5″N', '106°25′23.77″E'),
(427, 2, 'А-331 км 79', 79, NULL, 57.1777, 106.416, '57°10′39.65″N', '106°24′56.85″E'),
(428, 2, 'А-331 км 80', 80, NULL, 57.1861, 106.417, '57°11′10.03″N', '106°25′1.24″E'),
(429, 2, 'А-331 км 81', 81, NULL, 57.1949, 106.417, '57°11′41.62″N', '106°25′2.44″E'),
(430, 2, 'А-331 км 82', 82, NULL, 57.2031, 106.412, '57°12′11.26″N', '106°24′43.28″E'),
(431, 2, 'А-331 км 83', 83, NULL, 57.2117, 106.407, '57°12′42.07″N', '106°24′24.11″E'),
(432, 2, 'А-331 км 84', 84, NULL, 57.2209, 106.406, '57°13′15.21″N', '106°24′22.99″E'),
(433, 2, 'А-331 км 85', 85, NULL, 57.229, 106.413, '57°13′44.43″N', '106°24′47.48″E'),
(434, 2, 'А-331 км 86', 86, NULL, 57.2354, 106.404, '57°14′7.61″N', '106°24′13.28″E'),
(435, 2, 'А-331 км 87', 87, NULL, 57.2439, 106.398, '57°14′38.12″N', '106°23′53.03″E'),
(436, 2, 'А-331 км 88', 88, NULL, 57.2519, 106.397, '57°15′6.82″N', '106°23′48.16″E'),
(437, 2, 'А-331 км 89', 89, NULL, 57.2614, 106.396, '57°15′41.07″N', '106°23′43.82″E'),
(438, 2, 'А-331 км 90', 90, NULL, 57.2706, 106.395, '57°16′14.22″N', '106°23′40.24″E'),
(439, 2, 'А-331 км 91', 91, NULL, 57.2797, 106.394, '57°16′46.75″N', '106°23′36.84″E'),
(440, 2, 'А-331 км 92', 92, NULL, 57.2882, 106.4, '57°17′17.49″N', '106°24′0.23″E'),
(441, 2, 'А-331 км 93', 93, NULL, 57.2967, 106.407, '57°17′48.17″N', '106°24′24.2″E'),
(442, 2, 'А-331 км 94', 94, NULL, 57.3049, 106.413, '57°18′17.53″N', '106°24′46.78″E'),
(443, 2, 'А-331 км 95', 95, NULL, 57.3127, 106.419, '57°18′45.83″N', '106°25′8.9″E'),
(444, 2, 'А-331 км 96', 96, NULL, 57.3183, 106.431, '57°19′5.73″N', '106°25′51″E'),
(445, 2, 'А-331 км 97', 97, NULL, 57.3166, 106.443, '57°18′59.8″N', '106°26′35.43″E'),
(446, 2, 'А-331 км 98', 98, NULL, 57.3122, 106.458, '57°18′44.07″N', '106°27′29.24″E'),
(447, 2, 'А-331 км 99', 99, NULL, 57.3054, 106.469, '57°18′19.55″N', '106°28′9.23″E'),
(448, 2, 'А-331 км 100', 100, NULL, 57.301, 106.485, '57°18′3.45″N', '106°29′4.57″E'),
(449, 2, 'А-331 км 101', 101, NULL, 57.2994, 106.5, '57°17′57.79″N', '106°29′58.79″E'),
(450, 2, 'А-331 км 102', 102, NULL, 57.292, 106.509, '57°17′31.12″N', '106°30′33.87″E'),
(451, 2, 'А-331 км 103', 103, NULL, 57.2849, 106.517, '57°17′5.73″N', '106°31′0.31″E'),
(452, 2, 'А-331 МОСТ БОЧАКТА км 103+405', 103, NULL, 57.2833, 106.525, '57°16′59.82″N', '106°31′28.77″E'),
(453, 2, 'А-331 км 104', 104, NULL, 57.2836, 106.532, '57°17′1.09″N', '106°31′53.54″E'),
(454, 2, 'А-331 км 105', 105, NULL, 57.2828, 106.548, '57°16′58.22″N', '106°32′52.95″E'),
(455, 2, 'А-331 км 106', 106, NULL, 57.2829, 106.565, '57°16′58.44″N', '106°33′52.36″E'),
(456, 2, 'А-331 км 107', 107, NULL, 57.2842, 106.581, '57°17′3.13″N', '106°34′51.35″E'),
(457, 2, 'А-331 км 108', 108, NULL, 57.286, 106.597, '57°17′9.72″N', '106°35′49.92″E'),
(458, 2, 'А-331 км 109', 109, NULL, 57.2918, 106.608, '57°17′30.31″N', '106°36′27.51″E'),
(459, 2, 'А-331 км 110', 110, NULL, 57.2963, 106.621, '57°17′46.56″N', '106°37′14.45″E'),
(460, 2, 'А-331 км 111', 111, NULL, 57.3011, 106.635, '57°18′3.91″N', '106°38′4.91″E'),
(461, 2, 'А-331 МОСТ ПОЛОВИННАЯ км 111+149', 111, NULL, 57.303, 106.64, '57°18′10.74″N', '106°38′22.75″E'),
(462, 2, 'А-331 км 112', 112, NULL, 57.3066, 106.649, '57°18′23.93″N', '106°38′56.39″E'),
(463, 2, 'А-331 км 113', 113, NULL, 57.3112, 106.663, '57°18′40.35″N', '106°39′46.89″E'),
(464, 2, 'А-331 км 114', 114, NULL, 57.3171, 106.671, '57°19′1.6″N', '106°40′15.78″E'),
(465, 2, 'А-331 км 115', 115, NULL, 57.3193, 106.687, '57°19′9.34″N', '106°41′14.38″E'),
(466, 2, 'А-331 км 116', 116, NULL, 57.3202, 106.703, '57°19′12.82″N', '106°42′11.79″E'),
(467, 2, 'А-331 км 117', 117, NULL, 57.321, 106.72, '57°19′15.59″N', '106°43′10.74″E'),
(468, 2, 'А-331 км 118', 118, NULL, 57.3274, 106.73, '57°19′38.47″N', '106°43′48.17″E'),
(469, 2, 'А-331 км 119', 119, NULL, 57.3355, 106.737, '57°20′7.71″N', '106°44′11.97″E'),
(470, 2, 'А-331 км 120', 120, NULL, 57.3409, 106.748, '57°20′27.38″N', '106°44′52.6″E'),
(471, 2, 'А-331 км 121', 121, NULL, 57.3419, 106.765, '57°20′30.96″N', '106°45′53.46″E'),
(472, 2, 'А-331 км 122', 122, NULL, 57.3426, 106.781, '57°20′33.42″N', '106°46′52.03″E'),
(473, 2, 'А-331 км 123', 123, NULL, 57.3433, 106.797, '57°20′35.86″N', '106°47′49.66″E'),
(474, 2, 'А-331 км 124', 124, NULL, 57.3441, 106.814, '57°20′38.72″N', '106°48′48.81″E'),
(475, 2, 'А-331 км 125', 125, NULL, 57.3449, 106.83, '57°20′41.56″N', '106°49′48.12″E'),
(476, 2, 'А-331 км 126', 126, NULL, 57.343, 106.847, '57°20′34.86″N', '106°50′50.68″E'),
(477, 2, 'А-331 км 127', 127, NULL, 57.3387, 106.856, '57°20′19.48″N', '106°51′20.48″E'),
(478, 2, 'А-331 км 128', 128, NULL, 57.3315, 106.87, '57°19′53.4″N', '106°52′10.42″E'),
(479, 2, 'А-331 км 129', 129, NULL, 57.3258, 106.882, '57°19′32.79″N', '106°52′56.97″E'),
(480, 2, 'А-331 км 130', 130, NULL, 57.328, 106.898, '57°19′40.95″N', '106°53′51.68″E'),
(481, 2, 'А-331 км 131', 131, NULL, 57.3345, 106.909, '57°20′4.31″N', '106°54′32.19″E'),
(482, 2, 'А-331 км 132', 132, NULL, 57.3419, 106.921, '57°20′30.93″N', '106°55′16.92″E'),
(483, 2, 'А-331 км 133', 133, NULL, 57.349, 106.932, '57°20′56.33″N', '106°55′53.78″E'),
(484, 2, 'А-331 км 134', 134, NULL, 57.3569, 106.939, '57°21′24.72″N', '106°56′20.93″E'),
(485, 2, 'А-331 км 135', 135, NULL, 57.3655, 106.94, '57°21′55.9″N', '106°56′24.36″E'),
(486, 2, 'А-331 км 136', 136, NULL, 57.3741, 106.943, '57°22′26.73″N', '106°56′33.45″E'),
(487, 2, 'А-331 км 137', 137, NULL, 57.3806, 106.954, '57°22′50.18″N', '106°57′15.18″E');
INSERT INTO `kilometrs` (`kmid`, `roadid`, `title`, `km`, `sort`, `gpslatitude`, `gpslongitude`, `wgslatitude`, `wgslongitude`) VALUES
(488, 2, 'А-331 км 138', 138, NULL, 57.3883, 106.963, '57°23′17.72″N', '106°57′45.84″E'),
(489, 2, 'А-331 км 139', 139, NULL, 57.3949, 106.972, '57°23′41.47″N', '106°58′19.69″E'),
(490, 2, 'А-331 км 140', 140, NULL, 57.3929, 106.987, '57°23′34.31″N', '106°59′14.45″E'),
(491, 2, 'А-331 км 141', 141, NULL, 57.3856, 106.995, '57°23′8.31″N', '106°59′43.55″E'),
(492, 2, 'А-331 км 142', 142, NULL, 57.38, 107.001, '57°22′47.94″N', '107°0′4.86″E'),
(493, 2, 'А-331 км 143', 143, NULL, 57.382, 107.017, '57°22′55.24″N', '107°1′2.51″E'),
(494, 2, 'А-331 км 144', 144, NULL, 57.376, 107.029, '57°22′33.68″N', '107°1′43.17″E'),
(495, 2, 'А-331 км 145', 145, NULL, 57.3692, 107.04, '57°22′8.97″N', '107°2′22.54″E'),
(496, 2, 'А-331 км 146', 146, NULL, 57.3624, 107.05, '57°21′44.53″N', '107°3′1.39″E'),
(497, 2, 'А-331 км 147', 147, NULL, 57.3565, 107.063, '57°21′23.56″N', '107°3′47.39″E'),
(498, 2, 'А-331 км 148', 148, NULL, 57.3496, 107.074, '57°20′58.56″N', '107°4′26.7″E'),
(499, 2, 'конец трассы А-331 км 149', 149, NULL, 57.3446, 107.085, '57°20′40.39″N', '107°5′5.75″E');

-- --------------------------------------------------------

--
-- Структура таблицы `logs`
--

CREATE TABLE IF NOT EXISTS `logs` (
  `logid` int(10) unsigned NOT NULL,
  `filename` varchar(100) NOT NULL,
  `datetime` int(10) unsigned NOT NULL,
  `km` int(5) unsigned NOT NULL,
  PRIMARY KEY (`logid`)
) ENGINE=MyISAM DEFAULT CHARSET=utf8;

--
-- Дамп данных таблицы `logs`
--

INSERT INTO `logs` (`logid`, `filename`, `datetime`, `km`) VALUES
(3, '2014-02-22 11.24.35.jpg', 1400478494, 30),
(2, '2014-02-22 11.24.35.jpg', 1400474977, 30),
(4, '2014-02-22 11.09.33.jpg', 1400478520, 15),
(5, '2014-03-14 10.00.35.jpg', 1400479379, 429),
(6, 'DSCN7173.JPG', 1400479381, 560),
(7, 'DSCN7435.JPG', 1400479383, 275),
(8, 'DSCN7264.JPG', 1400479385, 442),
(9, 'DSCN7432.JPG', 1400479611, 275),
(10, '2014-02-22 11.11.07.jpg', 1400479613, 16),
(11, '2014-03-14 10.00.35.jpg', 1400481423, 429),
(12, 'DSCN7173.JPG', 1400481425, 560),
(13, '2014-02-22 11.11.07.jpg', 1400481428, 16),
(14, 'DSCN7173.JPG', 1400540764, 560);

-- --------------------------------------------------------

--
-- Структура таблицы `roads`
--

CREATE TABLE IF NOT EXISTS `roads` (
  `roadid` smallint(3) unsigned NOT NULL AUTO_INCREMENT,
  `roadname` varchar(100) NOT NULL,
  `title` varchar(100) NOT NULL,
  PRIMARY KEY (`roadid`)
) ENGINE=MyISAM  DEFAULT CHARSET=utf8 AUTO_INCREMENT=4 ;

--
-- Дамп данных таблицы `roads`
--

INSERT INTO `roads` (`roadid`, `roadname`, `title`) VALUES
(1, 'А-331 «Вилюй» Тулун – Братск – Усть – Кут – Мирный – Якутск ', 'Братск – Усть-Кут… "Вилюй"'),
(2, 'А-331 «Вилюй» Тулун – Братск – Усть – Кут – Мирный – Якутск  на участке Усть-Кут - Верхнемарково', 'Усть-Кут – Верхнемарково… "Вилюй"'),
(3, 'А-331 «Вилюй» Тулун – Братск – Усть – Кут – Мирный – Якутск', 'Обход – Усть-Кут… "Вилюй"');

-- --------------------------------------------------------

--
-- Структура таблицы `setting`
--

CREATE TABLE IF NOT EXISTS `setting` (
  `settingId` int(5) NOT NULL AUTO_INCREMENT,
  `settingKey` char(100) NOT NULL,
  `settingVal` char(255) NOT NULL,
  `description` varchar(300) NOT NULL,
  PRIMARY KEY (`settingId`)
) ENGINE=InnoDB  DEFAULT CHARSET=utf8 AUTO_INCREMENT=10 ;

--
-- Дамп данных таблицы `setting`
--

INSERT INTO `setting` (`settingId`, `settingKey`, `settingVal`, `description`) VALUES
(1, 'upload_dir', 'upload', 'Папка для загрузки фотографий'),
(2, 'logo_path', 'New-Roads_Logo_Big.png', 'Путь до логотипа'),
(3, 'image_dir', 'img', 'Папка для готовых изображений'),
(4, 'font', 'TIMCYR_TTF/TIMCYR.TTF', 'Шрифт'),
(5, 'font_size', '28', 'Размер шрифта'),
(6, 'report_email', 'uphoev@gmail.com', 'Почта'),
(7, 'footer_bg_color', '#ff8000', 'Цвет фона'),
(8, 'down_scaling_height', '1000', 'Высота изображений'),
(9, 'color_text', '#0000ff', 'Цвет текста');

/*!40101 SET CHARACTER_SET_CLIENT=@OLD_CHARACTER_SET_CLIENT */;
/*!40101 SET CHARACTER_SET_RESULTS=@OLD_CHARACTER_SET_RESULTS */;
/*!40101 SET COLLATION_CONNECTION=@OLD_COLLATION_CONNECTION */;
